country_code	domain_code	actual
PL	0018d00000WDHbdAAH	6695
HK	0018d00000K0aQyAAJ	6690
BR	0018d00000K0V2EAAV	6675.199492
KR	0018d00000K0WOhAAN	6617.572069
BR	0018d00000K0TnJAAV	6598.242637
MY	001Pz000002qDCxIAM	6579.273386
AU	0018d00000K0VQyAAN	6560.839894
US	0018d00000K0XuPAAV	6550
MX	0018d00000K0YSeAAN	6548
BR	0018d00000K0WnCAAV	6540.814694
UK	0018d00000KPlGpAAL	6525.441073
SC	0018d00000K0VFuAAN	6523
AU	0018d00000K0aXtAAJ	6505.783161
SG	0018d00000K0X63AAF	6480
AU	0018d00000K0ZyPAAV	6478.91178
UK	0018d00000Uz4dXAAR	6470.00211
PL	0018d00000K0c1eAAB	6456.353417
BR	0018d00000cc3SNAAY	6431.801282
ES	0018d00000K0XqxAAF	6413.449246
TR	0018d00000K0YsNAAV	6405.269998
TR	0018d00000K0ZbyAAF	6389.646465
BR	0018d00000K0bmKAAR	6381.456002
AE	0018d00000K0W9EAAV	6348
HK	0018d00000K0ZptAAF	6342
PL	0018d00000K0VjbAAF	6324.717857
KR	0018d00000K0af1AAB	6316.104
TR	0018d00000K0WvzAAF	6306.847209
AE	0018d00000K0bLPAAZ	6306
AE	0018d00000K0Vp0AAF	6300
TH	0018d00000K0YVRAA3	6300
ID	0018d00000K0XsZAAV	6300
UK	0018d00000ccOc7AAE	6299.904425
PL	0018d00000K0VqDAAV	6285.786259
FR	0018d00000K0acpAAB	6274.967665
TW	001Pz000006XLbmIAG	6260.257378
AU	0018d00000PQMMVAA5	6254.755168
TH	0018d00000K0TgqAAF	6251
HK	0018d00000K0c9jAAB	6242
MY	0018d00000K0XtnAAF	6228
RU	0018d00000K0VQMAA3	6213.479443
ES	0018d00000K0c7YAAR	6178.67906
BR	0018d00000K0WyKAAV	6155.302856
BR	0018d00000LbtTlAAJ	6144.4015
SC	0018d00000K0bZ9AAJ	6121
TR	0018d00000K0aCJAAZ	6108.126875
TR	0018d00000K0W23AAF	6092.816941
MX	0018d00000K0bGuAAJ	6079
BR	0018d00000K0ZZpAAN	6072.650737
NL	001Pz000008CiiFIAS	6067.245328
AE	0018d00000l58H4AAI	6065
AE	0018d00000K0VVIAA3	6057
TW	0018d00000K0Wc2AAF	6056.799064
SG	0018d00000K0WGMAA3	6045.735358
VN	0018d00000K0Y03AAF	6030
TW	0018d00000K0bfyAAB	6020
VN	0018d00000K0Z4PAAV	6000
PH	001Pz000006iz4MIAQ	6000
ES	0018d00000K0ZhvAAF	5974.743527
UK	0018d00000K0arvAAB	5964.749389
PL	0018d00000K0YDkAAN	5962.943885
FR	0018d00000K0VLiAAN	5950.400846
NL	0018d00000Ol5hDAAR	5950.400766
BR	0018d00000K0WNZAA3	5946.195199
BR	0018d00000K0WCeAAN	5946.195187
HK	0018d00000K0WaGAAV	5944
SG	0018d00000K0c9oAAB	5932
TH	0018d00000K0TqTAAV	5900
US	0018d00000K0ZqPAAV	5900
NL	0018d00000K0VkCAAV	5895.224266
TR	0018d00000K0UBLAA3	5889.723429
AU	0018d00000WDmQSAA1	5879.194045
AE	0018d00000XfthKAAR	5868
ID	0018d00000K0c9kAAB	5856
KR	0018d00000K0YtsAAF	5849.197576
BR	0018d00000T3GY9AAN	5825.09085
HK	0018d00000K0ZdHAAV	5789
TR	0018d00000K0YHsAAN	5786.613932
TR	0018d00000K0bW6AAJ	5780.364063
NL	0018d00000K0cRUAAZ	5768.642375
TW	0018d00000K0XOFAA3	5759.436567
BR	0018d00000S7kDlAAJ	5756.115408
TR	0018d00000K0UIvAAN	5751.744349
ES	001Pz000002cWwzIAE	5740
NL	0018d00000K0UcgAAF	5731.858415
TR	0018d00000K0UTBAA3	5717.561839
FR	0018d00000K0XXJAA3	5679.927751
TH	0018d00000K0WGtAAN	5665
TW	0018d00000icXdDAAU	5649.881694
TR	0018d00000PQK9LAAX	5624.138847
TR	0018d00000K0UdcAAF	5624.138511
AU	0018d00000K0b21AAB	5620.954447
AU	0018d00000K0bYbAAJ	5612.435113
TR	0018d00000T4GXIAA3	5604.98
AU	0018d00000K0VXKAA3	5597.360154
VN	0018d00000K0YVFAA3	5594
AE	0018d00000K0WncAAF	5586
TR	0018d00000K0WIsAAN	5561.647834
TW	0018d00000K0aNOAAZ	5553.786968
AU	0018d00000K0c2FAAR	5550.168332
TR	001Pz000008Cm79IAC	5516.030403
KR	0018d00000K0Y0NAAV	5514.642859
US	0018d00000S8427AAB	5490
TW	001Pz000006XPYrIAO	5479.196824
ID	0018d00000K0TpoAAF	5475
TW	0018d00000K0YhrAAF	5465.798597
TW	0018d00000K0bTuAAJ	5460
SC	0018d00000K0TzAAAV	5450
MX	0018d00000icIqcAAE	5421
MY	0018d00000K0U5WAAV	5393
JP	0018d00000K0X4GAAV	5392.905817
TW	001Pz000007sYjrIAE	5389.549092
ES	0018d00000K0XwaAAF	5347.787015
AE	0018d00000K0b8tAAB	5340
VN	0018d00000K0XnTAAV	5329
BR	0018d00000ftdXxAAI	5327.195811
AE	0018d00000K0cThAAJ	5323
TW	0018d00000K0aamAAB	5300
US	0018d00000K0V11AAF	5261
TW	0018d00000K0Z3EAAV	5250
AU	0018d00000K0UNXAA3	5243.429
MX	0018d00000K0UQ8AAN	5243
BR	0018d00000K0ZuiAAF	5230.867741
NL	0018d00000K0WB7AAN	5223.369761
US	0018d00000ducHQAAY	5201
VN	0018d00000K0bw6AAB	5200
ID	0018d00000K0VKTAA3	5185.367555
BR	001Pz000002IzThIAK	5173.18931
ID	0018d00000K0ZWvAAN	5170
TW	0018d00000K0WvYAAV	5164.712623
BR	0018d00000K0aCrAAJ	5161.52698
FR	0018d00000K0UPJAA3	5159.862029
TR	0018d00000K0U1sAAF	5124.215134
SG	0018d00000WD5NYAA1	5111.847056
VN	0018d00000K0U3CAAV	5111
TH	0018d00000K0UVkAAN	5101
TR	001Pz000003YpXpIAK	5086.095928
TR	0018d00000Ux9eaAAB	5069.536942
PL	0018d00000K0VLzAAN	5068.659338
UK	0018d00000K0VLwAAN	5039.924004
SC	0018d00000K0XpPAAV	5036
ID	001Pz000007J7L7IAK	5000
TR	001Pz000008ug4qIAA	4999.233922
AU	0018d00000K0UWYAA3	4993.054764
PL	0018d00000K0amKAAR	4983.877233
FR	0018d00000XeTkhAAF	4976.699019
US	0018d00000VMJIvAAP	4957
AE	0018d00000WD93WAAT	4940
VN	0018d00000K0Yo6AAF	4923
SG	001Pz000005lw0sIAA	4900
VN	0018d00000K0aJnAAJ	4900
FR	0018d00000K0cGJAAZ	4898.802826
TR	0018d00000T4GXmAAN	4885.909
PL	0018d00000K0XXzAAN	4875.851124
VN	0018d00000K0cNPAAZ	4869
FR	0018d00000K0VLtAAN	4868.509505
NL	0018d00000K0b8nAAB	4868.509181
FR	0018d00000K0Y4uAAF	4867.752274
MY	001Pz000001pAzFIAU	4863.787484
TH	0018d00000K0WfPAAV	4862
AE	0018d00000O93s3AAB	4861
MY	0018d00000K0UoAAAV	4851.305055
TR	0018d00000K0c2gAAB	4850.819698
TR	0018d00000K0YPPAA3	4836.446538
FR	0018d00000K0c6GAAR	4806.842335
ID	0018d00000K0YITAA3	4792.124476
BR	0018d00000KPuL7AAL	4776.975081
AU	0018d00000K0a3CAAR	4714.497887
TR	0018d00000K0UtmAAF	4686.782845
PH	0018d00000K0c9mAAB	4672
PL	001Pz0000063aBdIAI	4652.1311
NL	0018d00000K0b0RAAR	4646.722001
AU	0018d00000K0Z3OAAV	4639.779026
ID	0018d00000K0YbkAAF	4639.2965
TR	0018d00000K0Ur3AAF	4635.978092
TR	0018d00000K0UGCAA3	4624.291958
UK	0018d00000K0Xg6AAF	4622.869586
PL	001Pz000009hLC5IAM	4588.144
TR	0018d00000K0XCZAA3	4578.049112
AU	0018d00000K0Z7IAAV	4558.50556
BR	0018d00000K0bYUAAZ	4545.667763
UK	0018d00000cc3CPAAY	4530.89186
TR	0018d00000K0WGDAA3	4530.587346
US	0018d00000K0Tr3AAF	4500
US	0018d00000K0aHrAAJ	4500
SG	0018d00000K0bclAAB	4457
BR	0018d00000LbkulAAB	4456.871736
TR	0018d00000K0c2eAAB	4446.13155
UK	001Pz000004Ym9aIAC	4433.873337
BR	0018d00000ewHPVAA2	4432.491265
ES	0018d00000K0UPnAAN	4389.231759
TR	0018d00000K0UM2AAN	4374.329854
TR	0018d00000K0XmwAAF	4374.329671
VN	0018d00000K0bBBAAZ	4337
NL	0018d00000PQQauAAH	4314.580928
KR	0018d00000K0YFTAA3	4304.361643
TR	0018d00000K0bDYAAZ	4289.030825
BR	0018d00000K0VljAAF	4261.440078
AE	0018d00000K0XbEAAV	4246
TR	0018d00000hDzcBAAS	4233.725939
TH	0018d00000hDXMMAA4	4211.587668
VN	0018d00000K0X94AAF	4207
MY	0018d00000K0NIOAA3	4200
ES	001Pz000003LUJ9IAO	4195.573361
KR	0018d00000l5JORAA2	4191.129
ES	0018d00000K0aKWAAZ	4190.163922
AU	0018d00000T38t7AAB	4178.357236
ID	0018d00000cbPZ7AAM	4167
BR	0018d00000KPkgWAAT	4161.147024
TH	0018d00000K0YpnAAF	4150
VN	0018d00000K0YfFAAV	4141
TR	0018d00000K0UwyAAF	4139.990782
BR	0018d00000K0aFzAAJ	4102.478502
VN	0018d00000K0Uf2AAF	4100
TR	0018d00000K0bTSAAZ	4097.809741
PL	0018d00000K0ZQ8AAN	4097.404444
UK	0018d00000K0WvUAAV	4094.93838
TR	0018d00000K0XVUAA3	4083.562544
TR	0018d00000K0X8IAAV	4073.814011
BR	0018d00000K0ahJAAR	4062.043673
TR	0018d00000K0ZYfAAN	4059.06531
FR	0018d00000K0UGWAA3	4057.091249
TR	001Pz000005vUWPIA2	4049.379397
KR	0018d00000K0aSZAAZ	4044.071935
BR	0018d00000K0YMiAAN	4037.862778
BR	0018d00000K0TtfAAF	4030.132441
TW	001Pz0000075us2IAA	4030.041005
VN	0018d00000K0Z1xAAF	4016
TR	0018d00000K0a7wAAB	4015.82339
US	0018d00000fQAJxAAO	4000
TW	0018d00000K0amMAAR	4000
BR	0018d00000K0ZQDAA3	3997.627275
BR	0018d00000K0XvCAAV	3964.130992
BR	0018d00000hBuKNAA0	3964.129594
TW	001Pz000006d1k0IAA	3962.544114
TR	0018d00000K0Uh5AAF	3955.112559
SG	0018d00000K0UK7AAN	3949
NL	0018d00000K0ZRlAAN	3943.492596
AU	0018d00000K0Uc7AAF	3932.571781
TW	001Pz000009FFPlIAO	3932.443216
AE	0018d00000K0YUgAAN	3916
TW	0018d00000VMR1iAAH	3912.660554
AE	0018d00000K0XReAAN	3911
PL	0018d00000K0WTFAA3	3894.807194
SG	0018d00000K0dGSAAZ	3890
PL	0018d00000K0XVQAA3	3889
TR	0018d00000K0QmaAAF	3852.377707
ID	0018d00000K0as8AAB	3840
TR	001Pz000002P9BvIAK	3835.350265
MX	001Pz000003A0oNIAS	3815
NL	0018d00000OlWIDAA3	3811.502102
AU	0018d00000K0aTGAAZ	3808.669208
TR	0018d00000K0YeYAAV	3794.262344
TR	0018d00000K0bBfAAJ	3790.76281
NL	0018d00000K0bvDAAR	3786.61896
TW	001Pz0000075XU3IAM	3751.521579
TR	0018d00000K0Y2IAAV	3735.053481
BR	0018d00000K0U19AAF	3730.841422
TR	0018d00000T4GXuAAN	3718.366
VN	0018d00000K0c9tAAB	3711
AE	0018d00000K0U9iAAF	3690
UK	0018d00000K0XgnAAF	3675.12
PL	0018d00000K0amJAAR	3668.336359
TR	0018d00000K0TvqAAF	3660.376714
AU	0018d00000K0WvRAAV	3644.589224
TR	0018d00000T4GWGAA3	3632.531
NL	0018d00000k10OWAAY	3630.826184
TR	0018d00000K0cLtAAJ	3612.103192
AE	0018d00000K0bLqAAJ	3600
AE	0018d00000K0XRSAA3	3600
TR	0018d00000K0YEbAAN	3593.1996
KR	0018d00000WBdfqAAD	3588.194096
TR	001Pz000009heMtIAI	3579.638581
MY	0018d00000K0akhAAB	3571.249592
FR	0018d00000K0VEYAA3	3570.239894
ID	0018d00000K0Y8rAAF	3570
TR	0018d00000T4GXvAAN	3551.331
TR	0018d00000K0WIwAAN	3542.768801
TR	0018d00000K0UNmAAN	3539.926225
US	0018d00000K0Zc2AAF	3525
TW	0018d00000K0WeUAAV	3521.394646
TR	0018d00000K0beHAAR	3507.275421
TH	0018d00000K0VJ0AAN	3500
TR	0018d00000Xf58IAAR	3499.464405
TW	0018d00000K0bV0AAJ	3495
JP	0018d00000K0cPAAAZ	3485.658567
BR	0018d00000fQ3KMAA0	3484.866909
ES	0018d00000K0X9UAAV	3484.770915
ID	0018d00000K0U04AAF	3481
PL	0018d00000K0Zm8AAF	3480.618193
TR	0018d00000K0XgbAAF	3473.186744
UK	0018d00000eeQc2AAE	3464.947054
FR	0018d00000K0VVuAAN	3462.051454
FR	0018d00000T4CrNAAV	3462.051095
TR	0018d00000K0ZYHAA3	3452.597188
TW	0018d00000K0a4TAAR	3443.140938
TR	0018d00000ewNVOAA2	3433.849
HK	0018d00000K0c9sAAB	3427
BR	0018d00000RlWeIAAV	3415.494644
TW	0018d00000K0bEjAAJ	3402.31379
SG	0018d00000K0TifAAF	3399
TR	0018d00000K0TziAAF	3393.230589
AE	0018d00000K0a2TAAR	3367
PL	0018d00000etYwsAAE	3359.943173
TW	001Pz000006X8t1IAC	3358.784274
TR	0018d00000ifudrAAA	3355.735847
TR	0018d00000K0XxrAAF	3355.735847
BR	0018d00000K0ZEQAA3	3349.689456
RU	0018d00000K0VHKAA3	3347.565
US	0018d00000K0TnVAAV	3333
TR	001Pz00000Aqp2HIAR	3300.87043
TH	0018d00000K0ZGeAAN	3300
TW	0018d00000K0TvcAAF	3286.634841
BR	0018d00000K0bfgAAB	3277.542746
UK	001Pz000002TmPxIAK	3275.950594
TW	0018d00000K0b5eAAB	3232.796546
BR	0018d00000K0WGsAAN	3232.12575
NL	0018d00000MXqXvAAL	3200.233543
HK	0018d00000K0ZBUAA3	3200
AE	0018d00000K0ZFkAAN	3197
AE	0018d00000K0btTAAR	3188
TR	0018d00000K0YLEAA3	3183.82536
NL	0018d00000K0b9mAAB	3180.759636
BR	0018d00000K0ZveAAF	3171.502099
TR	0018d00000K0ZWCAA3	3168.264509
UK	0018d00000MVLk6AAH	3151.211992
ID	0018d00000K0WuBAAV	3150
SG	0018d00000K0X62AAF	3140.3
TR	0018d00000K0aScAAJ	3124.521335
VN	0018d00000K0WHkAAN	3121.440588
TR	0018d00000K0WFJAA3	3084.371968
TR	0018d00000K0aUFAAZ	3079.87181
KR	0018d00000K0VNlAAN	3073.494157
KR	0018d00000fQ5h2AAC	3066.141851
AE	0018d00000K0Ui8AAF	3065
TR	0018d00000K0XFSAA3	3055.000525
TR	0018d00000K0Y06AAF	3046.407727
AE	0018d00000l5SYtAAM	3045
VN	0018d00000K0YYkAAN	3037
TR	0018d00000K0Uz1AAF	3013.44368
ID	0018d00000MXtB8AAL	3000
TR	0018d00000K0Vm2AAF	2997.040715
UK	0018d00000K0WsqAAF	2994.974337
TR	001Pz0000062AhNIAU	2994.072579
AE	0018d00000K0UKsAAN	2990
VN	0018d00000K0YfuAAF	2990
BR	0018d00000etYtaAAE	2985.584933
VN	0018d00000K0ZebAAF	2979
BR	0018d00000K0c21AAB	2973.097952
BR	0018d00000etp1jAAA	2973.097504
VN	0018d00000K0YpoAAF	2970
PL	0018d00000K0VuCAAV	2959.461846
AE	0018d00000K0bPEAAZ	2957
TH	0018d00000K0U4iAAF	2950
AU	0018d00000K0bB9AAJ	2930.420421
SG	0018d00000K0TieAAF	2919
ID	0018d00000K0XN6AAN	2907.553491
MY	0018d00000K0b3cAAB	2904
ID	0018d00000K0WUXAA3	2888
TW	0018d00000K0a1DAAR	2880
UK	0018d00000K0bHTAAZ	2876.536897
TR	0018d00000K0VrfAAF	2874.560017
BR	0018d00000K0bbaAAB	2857.543023
AU	0018d00000K0UFsAAN	2855.046494
NL	0018d00000RlHJWAA3	2854.028407
SG	001Pz000005lkCfIAI	2849
UK	0018d00000K0YfPAAV	2834.956807
ES	0018d00000PPvnsAAD	2824.817545
SG	0018d00000K0YVcAAN	2822
TR	0018d00000K0WRxAAN	2816.381079
AE	0018d00000K0XspAAF	2814
FR	0018d00000K0c3oAAB	2812.917872
ES	0018d00000K0W6vAAF	2812.916537
TR	0018d00000K0aaJAAR	2812.325
TR	0018d00000K0WQFAA3	2812.069
RU	0018d00000K0aKTAAZ	2789.458232
ID	0018d00000K0cBoAAJ	2780
BR	0018d00000K0Th6AAF	2774.885483
ID	0018d00000K0VigAAF	2773.5261
TW	001Pz000008ILkXIAW	2754.512658
TR	0018d00000K0ZKBAA3	2751.328619
TR	0018d00000KPB5iAAH	2749.578427
TR	0018d00000K0Z0GAAV	2746.642258
US	0018d00000K0X3KAAV	2746
TR	0018d00000K0U57AAF	2733.956556
SC	0018d00000K0WNzAAN	2730
TR	0018d00000K0YgRAAV	2724.583195
SC	0018d00000K0YkPAAV	2720
TR	0018d00000K0Y2GAAV	2718.333791
TR	0018d00000K0cTyAAJ	2716.927796
AE	0018d00000K0a66AAB	2709
NL	0018d00000K0ZxUAAV	2704.727966
SC	0018d00000K0YyRAAV	2700
AE	0018d00000K0YZ3AAN	2691
BR	0018d00000fqg6SAAQ	2690.652896
TR	0018d00000K0V1aAAF	2687.088718
SC	0018d00000K0W9OAAV	2687
BR	0018d00000WD5UNAA1	2684.905191
AE	0018d00000K0amtAAB	2675
AE	0018d00000XeSPEAA3	2673
UK	0018d00000K0afoAAB	2672.419008
TR	0018d00000K0UF8AAN	2671.465899
MY	0018d00000K0Z36AAF	2668.016378
TR	0018d00000jbZhyAAE	2662.872688
AE	0018d00000K0Z5aAAF	2660
TW	0018d00000K0YsbAAF	2653.722611
AU	0018d00000K0cFtAAJ	2646.620562
TR	0018d00000K0ZORAA3	2640.220358
AE	0018d00000K0UzMAAV	2640
PL	0018d00000K0W4LAAV	2627.912505
TR	0018d00000K0ZFCAA3	2624.59725
BR	0018d00000K0Yo3AAF	2616.32565
TR	0018d00000T4GWYAA3	2614.034
TW	0018d00000K0YtgAAF	2613.656893
BR	0018d00000icR17AAE	2604.235598
TR	0018d00000T4GXCAA3	2601.428
SG	0018d00000K0avQAAR	2600
TR	0018d00000K0UYkAAN	2568.356325
BR	0018d00000MVWyrAAH	2566.773743
TR	0018d00000K0X1IAAV	2562.107085
VN	0018d00000K0X0GAAV	2560
BR	0018d00000K0YwjAAF	2534.466094
AE	0018d00000K0ZFYAA3	2533
ID	0018d00000VOw6MAAT	2528.571122
ID	0018d00000UfsyhAAB	2520
TR	0018d00000K0Xo3AAF	2517.239019
TR	0018d00000K0UdzAAF	2499.617594
TR	0018d00000K0Z2lAAF	2499.617519
TR	0018d00000K0ToiAAF	2483.994667
ID	0018d00000K0VcqAAF	2481
BR	0018d00000K0VYjAAN	2477.581334
BR	0018d00000OA4DTAA1	2464.698271
TR	0018d00000k9heQAAQ	2461.841979
AE	0018d00000K0axpAAB	2450
TR	0018d00000k8YPhAAM	2437.126357
PL	001Pz00000APOFtIAP	2428.316
TR	0018d00000K0VgIAAV	2415.255443
AE	0018d00000K0YCyAAN	2415
TW	0018d00000K0bT9AAJ	2410.199501
TW	0018d00000VMthAAAT	2410.199032
TW	0018d00000cA0GkAAK	2408.946611
TW	0018d00000K0c30AAB	2400
PL	0018d00000K0XsTAAV	2390.979111
ID	0018d00000T2ywnAAB	2380
AE	0018d00000K0WTqAAN	2373
AE	0018d00000K0TwLAAV	2358
KR	0018d00000WCU44AAH	2352.91381
VN	0018d00000K0U8jAAF	2350
TR	0018d00000K0XcdAAF	2341.516636
ID	0018d00000K0UhbAAF	2329.447014
BR	001Pz00000A2gzxIAB	2328.134
TR	0018d00000K0YrgAAF	2307.020846
TR	0018d00000K0XtAAAV	2293.773656
TR	0018d00000K0bndAAB	2293.398948
TR	0018d00000K0VjPAAV	2280.900726
TW	0018d00000K0YOwAAN	2273.913164
AE	0018d00000echIuAAI	2273
TR	0018d00000O91SAAAZ	2265.278239
KR	0018d00000K0aSPAAZ	2205.857142
AE	0018d00000K0WWqAAN	2205
BR	0018d00000K0VJLAA3	2204.056652
TR	0018d00000K0WFzAAN	2203.474722
TR	0018d00000K0VIzAAN	2202.787851
TW	0018d00000K0WubAAF	2191.090289
TW	0018d00000MXJB5AAP	2191.09
AE	0018d00000K0ZGtAAN	2191
TR	0018d00000K0WvpAAF	2187.165081
AE	0018d00000ds9cCAAQ	2186
FR	0018d00000K0Y4SAAV	2163.782002
ID	0018d00000K0WBeAAN	2151.908919
MY	0018d00000K0YpmAAF	2139.49097
TR	0018d00000K0WQ1AAN	2134.047621
TR	0018d00000K0bqMAAR	2133.549828
AE	0018d00000K0VZyAAN	2127
AE	0018d00000K0aGMAAZ	2125
TR	0018d00000K0ZrwAAF	2124.674731
BR	0018d00000K0XA9AAN	2120.809886
TR	0018d00000K0ZsFAAV	2107.239933
TW	0018d00000K0cFrAAJ	2107.202299
ID	0018d00000K0U2TAAV	2100
AE	0018d00000K0WWpAAN	2100
TR	0018d00000K0VmLAAV	2099.677872
MY	0018d00000LdOwTAAV	2098.444365
MX	0018d00000ibmLKAAY	2098.368865
AU	0018d00000k9YrOAAU	2097.371467
RU	0018d00000K0VVXAA3	2091.555752
VN	0018d00000K0VxrAAF	2079
MY	0018d00000K0UblAAF	2070
ID	0018d00000K0URoAAN	2055
SC	0018d00000Xfeu4AAB	2050
TR	0018d00000K0aJIAAZ	2046.873954
TW	001Pz0000075CaqIAE	2042.032787
ID	0018d00000K0Z7gAAF	2038.660255
ID	0018d00000K0UVyAAN	2016.535292
TR	0018d00000K0ZcSAAV	2001.756101
TH	0018d00000K0XxzAAF	2000
ID	0018d00000K0XwsAAF	2000
VN	0018d00000K0VUwAAN	2000
AE	0018d00000etUyTAAU	2000
US	0018d00000cbrIkAAI	2000
AE	0018d00000K0dKcAAJ	2000
ID	0018d00000K0V05AAF	1994.410682
TR	0018d00000hDZVXAA4	1982.415453
BR	0018d00000K0YrpAAF	1982.06559
PL	001Pz00000AP6J4IAL	1980.942651
PL	0018d00000K0XsRAAV	1974.451073
JP	0018d00000K0ZOnAAN	1973.014285
ID	0018d00000K0WRoAAN	1966.596426
AU	0018d00000QFCD1AAP	1966.28589
TR	0018d00000QDXzkAAH	1963.761844
TR	0018d00000K0YapAAF	1952.825937
VN	0018d00000K0XbKAAV	1950
NL	0018d00000K0boCAAR	1947.40317
TR	001Pz000002dpHlIAI	1946.577074
TR	0018d00000K0UC5AAN	1940.328113
MY	0018d00000K0U5XAAV	1938
ES	0018d00000K0U8wAAF	1924.684949
TR	0018d00000K0ZBfAAN	1912.207732
AU	0018d00000KPBCAAA5	1900.742595
PL	0018d00000K0cFsAAJ	1897.416107
TR	0018d00000K0VIiAAN	1891.897117
BR	0018d00000KPBDDAA5	1882.962213
KR	0018d00000K0avtAAB	1882.331428
RU	0018d00000K0TuGAAV	1879.529612
VN	0018d00000K0VP6AAN	1875
TR	0018d00000K0ZJgAAN	1874.713112
TR	0018d00000K0bu2AAB	1874.681691
TR	0018d00000WC3BGAA1	1855.028035
AE	001Pz0000051zoBIAQ	1848
KR	0018d00000k9SxoAAE	1838.214317
RU	001Pz000002ZlvmIAC	1828.363877
TW	0018d00000K0U6JAAV	1827.525981
AU	0018d00000S7dF6AAJ	1827.334772
TR	0018d00000K0U9gAAF	1824.720905
SG	0018d00000K0XZjAAN	1821.676516
ID	0018d00000K0aisAAB	1808
VN	001Pz00000231BMIAY	1800
TR	001Pz000006LFF7IAO	1800
AE	0018d00000K0XRKAA3	1800
TW	0018d00000VMmJ9AAL	1799.167146
TR	001Pz000002WSmXIAW	1795.350036
PL	0018d00000K0XpLAAV	1787.283934
TR	0018d00000K0YujAAF	1785.663629
BR	0018d00000K0V8xAAF	1783.858787
MX	0018d00000K0XW6AAN	1782
TR	0018d00000K0UdnAAF	1776.602467
TR	0018d00000T4GXEAA3	1776.041
VN	0018d00000K0ZUOAA3	1772
TR	0018d00000K0bDbAAJ	1766.66711
UK	0018d00000K0awCAAR	1761
MX	0018d00000m4gojAAA	1755
VN	0018d00000K0WmFAAV	1750
TR	0018d00000K0VVhAAN	1749.732007
NL	0018d00000K0VYmAAN	1732.107142
TR	001Pz000009hN4EIAU	1718.487
TR	0018d00000K0XryAAF	1716.924925
TR	0018d00000K0Zo8AAF	1713.019119
TW	0018d00000VPAIAAA5	1711.867142
BR	0018d00000K0X6WAAV	1704.576289
TR	001Pz000002e1STIAY	1699.739587
TW	0018d00000K0cA2AAJ	1698.094998
ID	0018d00000Ol3OYAAZ	1697.303385
VN	0018d00000K0VBpAAN	1690
BR	0018d00000hDMUtAAO	1684.755573
TW	0018d00000K0WdIAAV	1680
BR	0018d00000WBujOAAT	1676
ID	0018d00000K0ahsAAB	1662.535401
TR	0018d00000O9IfAAAV	1651.652776
UK	0018d00000K0XlVAAV	1650.575369
TH	001Pz000007PCA2IAO	1650
JP	0018d00000MWzgGAAT	1644.178886
TR	0018d00000WD4kKAAT	1638.659
AU	0018d00000QGbjHAAT	1630.706684
ID	0018d00000K0WRnAAN	1626.431992
JP	0018d00000K0TlIAAV	1624.448821
PL	0018d00000T3EFoAAN	1622.836371
TR	001Pz000002I5bCIAS	1619.282971
ES	001Pz0000083CEaIAM	1614.181775
TR	0018d00000K0YB7AAN	1613.814844
PL	0018d00000K0XsSAAV	1606.60813
ID	0018d00000K0YIMAA3	1590.97674
ES	001Pz000003LVNLIA4	1583.888116
JP	0018d00000K0WTdAAN	1581.699782
TR	0018d00000K0ULwAAN	1577.602427
VN	0018d00000K0a7NAAR	1575
MX	0018d00000Rl6PyAAJ	1575
TW	0018d00000MXJ3LAAX	1565.064349
TR	0018d00000K0XLsAAN	1562.261299
TR	0018d00000K0X9bAAF	1562.260746
TR	0018d00000OkGgUAAV	1562.260733
TR	0018d00000K0XnsAAF	1562.260489
TR	0018d00000K0ZjeAAF	1546.637924
VN	0018d00000K0bGkAAJ	1546.41
TW	0018d00000RlB2vAAF	1533.762584
TR	001Pz000005iDMtIAM	1515.392897
TR	0018d00000K0b8rAAB	1506.0193
SC	0018d00000K0Z4HAAV	1500
ID	0018d00000K0X3QAAV	1500
VN	0018d00000fsiX6AAI	1500
TR	001Pz0000086zKLIAY	1493.521622
TR	0018d00000K0WhaAAF	1493.521344
SG	0018d00000K0XCuAAN	1487.082856
TR	0018d00000WC6Z8AAL	1477.898415
KR	0018d00000m4b7mAAA	1470.57165
AE	0018d00000K0cL0AAJ	1470
BR	0018d00000ibwAuAAI	1466.728017
TW	0018d00000Ol7PUAAZ	1463.335183
FR	0018d00000K0Y8jAAF	1460.553
PL	0018d00000K0WYJAA3	1459.470652
AE	0018d00000K0Z5qAAF	1452
TR	0018d00000K0Z0sAAF	1448.778425
AE	0018d00000K0XwyAAF	1444
ID	0018d00000K0U75AAF	1433.220913
TR	0018d00000K0awDAAR	1431.030861
TR	0018d00000T4GX9AAN	1430.295
TR	0018d00000K0XHqAAN	1430.187989
ID	0018d00000K0V2qAAF	1413.787814
TW	0018d00000K0a4oAAB	1408.55786
TR	0018d00000T4GWgAAN	1408.534135
TR	0018d00000K0Zz0AAF	1402.753912
TR	0018d00000LdOYsAAN	1390.412226
BR	001Pz0000026ssgIAA	1387.445157
TR	001Pz000001tnyoIAA	1387.287655
TR	0018d00000K0YHOAA3	1377.913817
TR	0018d00000K0U3eAAF	1364.165967
TR	0018d00000ifsfTAAQ	1364.165752
TR	0018d00000K0VGDAA3	1359.729258
TR	0018d00000T4GWZAA3	1359.222
TR	0018d00000K0W7hAAF	1358.229617
JP	0018d00000K0UcjAAF	1357.03901
FR	0018d00000MWBQnAAP	1352.363598
TR	001Pz000006NZhdIAG	1331.827022
TR	0018d00000K0bWmAAJ	1327.921659
TR	0018d00000hDZYWAA4	1324.828449
US	0018d00000K0UFXAA3	1323
BR	0018d00000ccp43AAA	1320.84765
TR	0018d00000T4GX1AAN	1319.998
RU	0018d00000K0b4iAAB	1317.303752
JP	0018d00000etOJCAA2	1315.342854
JP	0018d00000K0ZfjAAF	1315.342854
TR	0018d00000K0awHAAR	1312.299462
TR	0018d00000KPBFQAA5	1312.299114
TR	001Pz000002sEGBIA2	1308.174781
TR	001Pz000005QtUEIA0	1300.27
ID	0018d00000S7ARKAA3	1294
SC	0018d00000K0V5fAAF	1292
TR	0018d00000K0bG4AAJ	1289.239285
TW	001Pz000006jKtaIAE	1285.418226
TR	0018d00000K0WDEAA3	1281.255
TR	001Pz00000550IuIAI	1252.932977
BR	0018d00000K0VMdAAN	1251.164658
RU	0018d00000KPYCNAA5	1250
TR	0018d00000cABDBAA4	1249.808978
JP	0018d00000K0X4HAAV	1249.575714
RU	0018d00000K0YceAAF	1236.652499
TR	0018d00000K0bHyAAJ	1233.81159
VN	0018d00000K0ZDfAAN	1226
BR	0018d00000K0V2cAAF	1218.969566
ID	0018d00000K0c7pAAB	1207
TR	001Pz000006NbEoIAK	1206.752314
TR	0018d00000K0XzRAAV	1203.721383
AE	0018d00000K0XRVAA3	1200
TR	001Pz000008BlOnIAK	1197.628865
TR	001Pz000002U4Q9IAK	1190.442687
SC	0018d00000K0UIJAA3	1190
BR	001Pz000006j5OKIAY	1189.239254
BR	0018d00000K0VF6AAN	1189.239106
BR	0018d00000K0YLlAAN	1189.238844
TR	001Pz000002MDn9IAG	1187.318582
ES	0018d00000K0WJrAAN	1185.752838
JP	0018d00000K0YiSAAV	1183.808575
KR	0018d00000fQ5OAAA0	1176.457462
TR	0018d00000K0ZgyAAF	1172.570507
TR	0018d00000K0Yw3AAF	1171.696446
TR	0018d00000hDZXiAAO	1171.695651
TR	0018d00000K0awLAAR	1171.695313
TW	001Pz000006tpRSIAY	1154.485001
TR	0018d00000K0cUFAAZ	1148.418393
NL	001Pz000008YUIUIA4	1135.985941
JP	0018d00000K0cLIAAZ	1134.976466
TR	0018d00000Om5UvAAJ	1129.327118
RU	0018d00000K0YL3AAN	1129.117501
TR	0018d00000MWm7TAAT	1126.545762
TR	0018d00000T4GXFAA3	1124.761
TR	0018d00000T4GWzAAN	1118.126
TR	0018d00000K0YmSAAV	1111.079953
BR	0018d00000K0XobAAF	1105.794204
RU	0018d00000K0VHNAA3	1096.856997
TR	001Pz000008CXIBIA4	1096.23851
TR	001Pz000008Bm1jIAC	1096.23851
TR	0018d00000K0ZP8AAN	1091.426755
UK	001Pz000008YfFZIA0	1081.890916
UK	001Pz000008YiN2IAK	1081.890916
UK	0018d00000K0cTXAAZ	1081.8907
UK	0018d00000K0axkAAB	1081.890662
TR	001Pz0000076McyIAE	1081.615264
TR	0018d00000K0atVAAR	1065.461656
TR	0018d00000icNeJAAU	1062.649469
TW	0018d00000K0Z3RAAV	1060.456261
AU	0018d00000k7tiPAAQ	1048.685468
TR	0018d00000K0UdZAAV	1043.714692
TW	001Pz000006XO4xIAG	1042.959088
SG	0018d00000K0YCvAAN	1028.49796
TR	0018d00000WBsTmAAL	1016.250706
TR	0018d00000K0YqZAAV	1015.469614
TR	0018d00000K0XQ8AAN	1012.438184
TR	0018d00000K0XSAAA3	1012.344753
TR	0018d00000K0bZXAAZ	998.2847277
AU	0018d00000K0ZqyAAF	996.251593
TR	0018d00000K0UPkAAN	991.816889
TR	001Pz000007GGuTIAW	991.6608384
TW	0018d00000K0bAWAAZ	988
TR	0018d00000K0bCuAAJ	974.0697407
TR	0018d00000K0XYzAAN	973.2886628
TR	0018d00000K0aj8AAB	965.9458144
MY	0018d00000eeMYPAA2	943.8348564
TW	0018d00000K0YKjAAN	939.0384141
TW	0018d00000K0Xv4AAF	939.0383269
TR	0018d00000K0Z0JAAV	937.3564286
TR	0018d00000K0acHAAR	937.3564286
TR	0018d00000K0WQGAA3	937.3561065
TW	0018d00000K0YEZAA3	926.5177929
BR	001Pz000006zokRIAQ	923.8405386
ID	001Pz000006vImQIAU	914.3396665
TR	001Pz000002IqIQIA0	910.6102923
TR	0018d00000K0WH1AAN	906.8919872
TR	0018d00000hCVyGAAW	906.1425168
TR	0018d00000XefcyAAB	906.1115203
AE	0018d00000T4GWwAAN	900
TR	0018d00000K0X0lAAF	890.4895241
TR	0018d00000fQ8PhAAK	859.9001804
TR	0018d00000K0YJ0AAN	855.8374794
JP	0018d00000etOJDAA2	854.972859
TR	0018d00000K0Y1qAAF	847.745
VN	0018d00000T6TCrAAN	845
TR	0018d00000T4GXgAAN	844.158
TR	0018d00000K0X5vAAF	843.6205784
TR	0018d00000K0XmTAAV	840.0894365
TR	0018d00000K0UphAAF	819.9995046
ES	0018d00000K0WHgAAN	807.0902236
TR	0018d00000K0ZryAAF	796.7529466
TR	0018d00000K0aiTAAR	787.379065
TR	0018d00000K0Yp8AAF	781.1305061
TR	0018d00000K0WCGAA3	777.2875162
TR	0018d00000K0cKzAAJ	761.4460673
TR	0018d00000K0WtDAAV	751.2908574
TR	0018d00000K0Ub0AAF	749.8856741
TR	0018d00000K0VN9AAN	745.8235339
TR	0018d00000Xei6fAAB	735.1999912
TH	0018d00000K0VEgAAN	730
TR	0018d00000T4GWuAAN	726.815
TR	0018d00000T4GWpAAN	722.0141018
TR	0018d00000K0b6rAAB	718.6395353
FR	0018d00000K0bweAAB	706.4744154
TR	0018d00000K0aI0AAJ	703.0170766
AE	0018d00000T4GW4AAN	700
TR	0018d00000c9fg1AAA	690.703
TR	0018d00000K0WnWAAV	687.3951413
ES	001Pz000003LVvAIAW	683.7554984
TR	0018d00000K0WWSAA3	677.2402556
TR	0018d00000dsdtzAAA	671.7717676
TR	0018d00000jah3SAAQ	667
ID	0018d00000K0Y3tAAF	663.3796238
VN	0018d00000K0bPaAAJ	663
TR	0018d00000T4GWKAA3	657.5550329
US	0018d00000K0ZIXAA3	657.3953254
US	0018d00000K0WqVAAV	653.3377833
TR	0018d00000icxGnAAI	650.931928
TR	0018d00000U2En7AAF	624.9045442
TR	0018d00000K0c8LAAR	624.9041347
TR	0018d00000K0WSNAA3	624.9036755
TR	0018d00000hDZUFAA4	618.1237722
TR	0018d00000K0WmEAAV	609.469466
TR	0018d00000hDZZPAA4	604.5945343
SG	0018d00000K0ZpXAAV	600
BR	001Pz000002ZH1gIAG	594.6197907
TR	0018d00000K0XNGAA3	593.9719518
TR	0018d00000Ui4AyAAJ	590.5343418
TR	0018d00000K0YTKAA3	586.7851492
BR	001Pz000004lkTLIAY	579.7539973
US	0018d00000K0YckAAF	575
ID	0018d00000K0XBPAA3	565.7680902
TR	001Pz000003eo4WIAQ	552.4157282
TR	0018d00000K0UUzAAN	549.7287593
TR	0018d00000K0ZZTAA3	548.3532305
TR	0018d00000ifGMQAA2	546.7908872
TR	0018d00000K0WorAAF	543.6672487
TR	001Pz0000068IpXIAU	542.8854363
TR	001Pz000006NZIqIAO	542.8854363
TR	0018d00000PPF9lAAH	537.3867745
TR	0018d00000K0WjxAAF	537.2930655
TR	001Pz0000063ahsIAA	522.0133157
TR	0018d00000K0WRTAA3	520.2327455
TR	0018d00000K0Z0IAAV	519.17025
TR	0018d00000hDYrcAAG	515.1089852
TR	0018d00000hDZWkAAO	515.1089852
TR	0018d00000K0U9mAAF	511.7968111
TR	0018d00000K0XmUAAV	504.6101034
VN	0018d00000K0bCdAAJ	500
FR	0018d00000K0VLkAAN	500
TR	001Pz000008xr5JIAQ	484.3016261
TR	0018d00000K0ZbKAAV	484.3008152
TR	0018d00000T4GXhAAN	484.088
ES	001Pz000003XuQ3IAK	479.2774574
UK	0018d00000T4GW8AAN	473
TW	0018d00000K0XIEAA3	469.5200061
TR	0018d00000K0cLTAAZ	468.6784311
TR	0018d00000K0b6FAAR	466
TR	0018d00000ewEprAAE	460.7102755
TR	0018d00000PRvVaAAL	459.3047556
TR	0018d00000T4GWmAAN	454.316
TR	0018d00000T4GXMAA3	452.783
SC	0018d00000hDcA8AAK	450
TR	0018d00000ifoKqAAI	449.9311112
SC	0018d00000K0WO4AAN	445
TR	0018d00000K0Ur2AAF	437.4331454
ID	0018d00000K0UHvAAN	434.5983575
KR	0018d00000K0cOqAAJ	426.4657147
NL	0018d00000K0buMAAR	400.3000865
TR	0018d00000K0YFXAA3	390.5650258
TR	001Pz0000041KicIAE	371.897
KR	0018d00000K0YzdAAF	367.6424356
TR	0018d00000K0WJ4AAN	356.8515803
PH	0018d00000K0aHDAAZ	350
TR	001Pz0000062LmWIAU	349.785
TR	0018d00000jYXbBAAW	346.446657
TR	0018d00000T4GXqAAN	343.562
TR	0018d00000K0WdOAAV	336.1053759
US	0018d00000K0V81AAF	329.37586
TR	0018d00000K0bihAAB	323.358
TR	001Pz000008F1jxIAC	312.452373
TR	001Pz000006HjA9IAK	306.578596
TR	0018d00000T4GXdAAN	306.233
TR	001Pz000006ZQ7RIAW	304.6415719
ES	001Pz000003LWo1IAG	300.7660056
TR	0018d00000cdZ6RAAU	296.8292645
TR	001Pz000008EnNhIAK	281.2071163
TR	001Pz000003esftIAA	274.8951171
TR	0018d00000K0YnRAAV	273.3953809
TR	0018d00000hCyZoAAK	249.9616945
TR	0018d00000frXjjAAE	249.9615203
TR	0018d00000T4GWdAAN	234.561
US	001Pz000008QYz7IAG	232.4640831
TR	0018d00000T4GX5AAN	228.332
TR	0018d00000VPVgkAAH	218.7167448
RU	0018d00000K0XYiAAN	215.0699979
JP	0018d00000etPNJAA2	213.7432126
PL	0018d00000K0V1RAAV	213.1327511
VN	0018d00000l3DQnAAM	200
TR	0018d00000T4GWQAA3	199.58
TR	001Pz00000AqYxXIAV	195.658
TR	0018d00000K0UTuAAN	188.6275087
ES	001Pz000002AWX7IAO	183.9213273
TR	0018d00000k8beVAAQ	165.7246344
TR	0018d00000K0VxmAAF	164.4438426
TR	001Pz000005X7b7IAC	156.2258664
TR	0018d00000T4GW6AAN	152.921
BR	0018d00000K0WRkAAN	123.8788534
BR	0018d00000VPHKdAAP	123.8788534
BR	0018d00000VPHKKAA5	123.8788534
BR	0018d00000VPHLHAA5	123.8788534
TR	0018d00000T4GXUAA3	116.902
TR	0018d00000K0TyuAAF	62.49028084
TR	0018d00000k7tVPAAY	56.24111559
TR	0018d00000T4GXAAA3	51.392
AU	0018d00000K0b6gAAB	49.48474294
TR	001Pz000002fMGMIA2	31.24495303
TR	001Pz000002AEv5IAG	31.24495303
AE	0018d00000K0U8OAAV	15.86
TR	0018d00000PPVHMAA5	11.06055245
US	0018d00000cdELlAAM	10.819
TH	0018d00000K0UQxAAN	1
PL	0018d00000K0VNgAAN	0.77501757
AU	0018d00000K0b1yAAB	0.65492907
NL	0018d00000K0XSvAAN	0.54142731
UK	0018d00000K0UoZAAV	0.52916375
